iou_threshold,num_images,num_gt,num_predictions,tp,fp,fn,precision,recall,f1,ap,mean_matched_iou,model_name,raw_precision,raw_recall,raw_f1,raw_num_predictions,mean_inference_time_sec,images_per_second,mAP50_95,AP50,operating_score_threshold
0.5,65,71,81,60,21,11,0.7407407407407407,0.8450704225352113,0.7894736842105262,0.8253619955802914,0.7605703423125779,RetinaNet,0.10429447852760736,0.9577464788732394,0.18810511756569848,652,6.512425010768661,0.1535526318301468,0.42424730798802973,0.8253619955802914,0.4
0.5,65,71,67,59,8,12,0.8805970149253731,0.8309859154929577,0.8550724637681161,0.8324252731844447,0.760091735792544,FasterRCNN,0.4621212121212121,0.8591549295774648,0.6009852216748768,132,7.099742713844619,0.14085017447885584,0.38928113880778775,0.8324252731844447,0.35
